Age,Gender,Location,Device_Type,Time_Spent,Pages_Visited,Product_Category,Previous_Purchases,Avg_Order_Value,Discount,Purchase
56,Male,Bangalore,Desktop,8.375673508,11,Beauty,3,1130.314296,27.66573608,1
46,Female,Pune,Mobile,6.711783377,8,Clothing,2,2095.949667,31.80046148,1
32,Male,Bangalore,Desktop,8.366892509,11,Clothing,3,1975.007914,6.53417799,1
25,Male,Mumbai,Mobile,9.629894087,12,,6,1621.502361,4.172523494,1
38,Male,Delhi,Tablet,8.146580211,8,Electronics,6,733.6497201,5.820619311,1
,Male,Pune,Desktop,8.121775074,11,Groceries,,1401.859674,35.08510248,1
36,,Hyderabad,Tablet,5.894024937,7,Groceries,4,1650.850004,21.12757047,1
40,Male,Mumbai,Mobile,6.011297247,7,Clothing,3,1587.768115,18.69043984,1
28,Male,Bangalore,Desktop,3.792184185,3,Electronics,1,578.1032083,4.268472764,1
28,Female,Mumbai,Mobile,13.24873023,14,Beauty,4,1054.841076,25.98224027,1
41,Male,Pune,Mobile,4.268410294,4,Clothing,3,1467.961118,34.71998368,1
53,Male,Bangalore,Desktop,5.921284407,8,Beauty,4,1768.145455,,1
57,Female,Delhi,Desktop,5.844778203,6,Beauty,2,401.9360895,25.04218836,1
41,Female,Mumbai,Tablet,10.68477313,11,Electronics,2,1418.938012,3.011148666,1
20,Female,Pune,Desktop,7.115150965,10,Groceries,4,,4.495881087,1
39,Male,Hyderabad,,11.74322622,10,Electronics,4,1924.805994,1.972359484,1
19,Female,Bangalore,Mobile,5.979528127,6,Beauty,1,1846.428792,10.29916866,1
41,Male,Mumbai,Desktop,8.836982487,7,Clothing,2,1791.285659,5.426458686,1
47,Male,Mumbai,Mobile,5.49395884,7,Beauty,4,1100.029747,10.40192161,1
55,Male,Delhi,Mobile,14.43544738,20,Clothing,2,545.9989314,15.40232223,1
19,Male,Delhi,Mobile,4.437204743,4,Clothing,3,1303.473621,37.71931136,1
38,Female,Hyderabad,Mobile,8.929462131,12,Electronics,5,2000.815913,24.41504239,1
50,Female,Hyderabad,Mobile,,9,Beauty,2,2196.727264,,1
29,Male,Pune,Mobile,9.241397292,13,Groceries,2,1855.274551,28.41406003,1
39,Male,Pune,Mobile,7.444137023,9,Beauty,2,1714.670411,4.500125221,1
42,Male,Hyderabad,Mobile,7.610537901,10,Beauty,2,1689.819824,29.43681625,1
,Female,Hyderabad,Tablet,,6,Groceries,4,1221.940627,11.00395526,1
59,Male,Bangalore,Mobile,7.558993995,11,Electronics,2,1434.969853,25.56431388,1
45,Male,Delhi,Mobile,10.89163735,14,Beauty,2,2334.534763,13.63847895,1
33,Female,Pune,Desktop,14.631569,14,Beauty,3,1028.720997,39.90689053,1
32,Female,Delhi,Mobile,6.327524645,8,Clothing,2,2307.389395,10.54205918,1
20,Male,Delhi,Tablet,3.890591061,3,Beauty,2,,11.16521883,1
54,Female,Hyderabad,Desktop,7.735153855,10,Groceries,2,2162.716055,37.22689022,1
24,Female,,Mobile,15.73912801,13,Clothing,5,796.5924953,0.985776185,1
38,,Mumbai,Mobile,5.588976296,7,,4,1792.952101,27.86755951,1
26,Female,,Desktop,,,Clothing,4,1131.614932,29.01305563,1
56,Male,Bangalore,Tablet,13.03310244,11,Groceries,4,792.366404,33.4551431,
35,Female,Delhi,Mobile,6.339235275,6,Groceries,4,,38.97757243,1
21,Male,Bangalore,Desktop,9.706949238,7,,4,2004.735894,39.02407677,1
42,Male,Pune,Mobile,12.88518987,14,Electronics,0,1077.529281,,1
31,Male,Delhi,Tablet,6.862616777,6,Clothing,,,32.87357291,1
26,Female,Pune,Mobile,7.38925892,9,Electronics,4,,25.85239735,1
43,Male,Mumbai,Tablet,6.254957258,6,,1,1456.282336,25.89368537,1
19,Female,Delhi,Desktop,4.955729808,5,Groceries,4,1774.159814,5.133997065,1
37,Male,Mumbai,,6.052167365,7,Beauty,1,1974.797286,26.00748666,1
45,Male,Delhi,,,3,Beauty,2,1470.292409,39.29930322,1
24,Female,Hyderabad,Mobile,8.102250405,11,Electronics,2,2427.751657,36.47274278,1
25,Male,,Mobile,5.690080307,7,Electronics,1,1612.117372,17.56522643,1
52,Male,Hyderabad,Mobile,8.701357735,11,,4,1326.786747,,1
31,Female,Mumbai,Mobile,3.332313061,4,Groceries,7,694.2163204,14.4917396,1
34,Male,Bangalore,Desktop,8.992640697,12,Clothing,3,1368.67024,33.05561246,1
53,Male,Delhi,Mobile,10.50058688,9,Groceries,4,1331.806527,28.05996406,1
57,Male,Bangalore,Mobile,2.018793072,1,Beauty,5,1980.152398,18.37374622,1
21,Male,Pune,Tablet,9.12216971,8,Electronics,3,1731.241812,2.204061406,1
19,Female,Bangalore,Desktop,11.68300698,15,Clothing,2,910.3154392,17.07578911,1
23,Female,Pune,Tablet,4.371076944,3,Beauty,3,1586.127193,18.76099759,1
59,Male,Bangalore,Tablet,13.01771716,15,Beauty,2,1835.765586,37.14222132,1
21,Female,Pune,,9.257057028,13,Beauty,2,2264.01568,,1
46,Male,Mumbai,Mobile,29.42482216,8,Groceries,4,1943.751984,12.46611667,
35,Female,,Desktop,7.832692767,9,Electronics,1,1880.423327,21.01273058,1
43,Male,Delhi,Desktop,9.674980738,8,Beauty,,1530.042997,2.642212313,1
51,Male,Bangalore,Mobile,8.228016174,11,Electronics,2,1694.156003,38.90272943,1
27,Male,Hyderabad,Desktop,9.616267977,11,Groceries,3,,14.40239608,1
,Male,Delhi,Mobile,5.237979221,4,Beauty,6,833.6113013,19.1146942,1
31,Male,Delhi,Mobile,,7,Groceries,3,1325.280336,14.21135897,1
48,Male,,Mobile,3.758856509,5,,3,1113.715626,27.3004692,1
,Female,Mumbai,Mobile,7.666321816,9,Electronics,7,1689.576559,26.48928633,1
25,Male,Mumbai,Mobile,5.288277076,7,Beauty,3,2115.111088,28.61289242,1
31,Female,Hyderabad,Mobile,5.793410172,8,Groceries,1,1201.512857,10.72572918,1
40,Male,Mumbai,Desktop,11.70827953,14,Beauty,0,304.8478163,12.62673925,1
57,Female,Bangalore,Mobile,11.27393036,13,Electronics,,1293.889627,5.010049244,1
38,Female,Mumbai,Mobile,9.827414363,10,,1,1956.736866,26.22039887,1
33,Female,Hyderabad,Desktop,4.723061706,4,Electronics,2,1768.814951,1.591885093,1
35,Male,Mumbai,,7.050774651,7,Beauty,1,1714.093124,23.90729342,1
41,Male,,Desktop,11.6392931,15,,3,1360.003349,34.78783539,1
43,Female,Pune,Desktop,8.425150741,10,Electronics,1,860.4846319,35.63328593,1
42,Male,Hyderabad,Desktop,14.95798862,21,Clothing,2,1757.647161,17.96151041,1
58,Female,Pune,Mobile,9.179953518,10,Groceries,4,1082.859095,18.37214753,1
46,Male,Pune,Mobile,8.576147349,10,Beauty,3,2592.048367,3.07876732,1
32,Female,Pune,Mobile,7.072650607,8,Beauty,4,1785.253604,26.83060102,1
18,Female,Delhi,Mobile,8.400622714,10,Groceries,2,1209.675849,32.85037681,1
42,Male,Delhi,Mobile,7.542590491,9,Electronics,2,1194.307376,9.786202184,1
24,Female,Pune,Desktop,10.12432603,9,Electronics,3,1453.527897,16.85203527,1
26,Male,Hyderabad,Mobile,,12,Electronics,1,1380.249039,33.55357347,1
41,Female,Bangalore,Mobile,5.642031618,4,Clothing,2,2058.416888,35.08481871,1
18,Female,Bangalore,Mobile,4.006301139,4,Clothing,4,1593.208085,9.727199211,
25,Male,Mumbai,Desktop,2.491383881,2,Beauty,,1134.184131,22.02282538,1
41,Male,Hyderabad,Mobile,9.523973981,11,Electronics,4,2445.220343,,1
28,Male,Delhi,Desktop,4.689900181,6,Groceries,1,1524.654166,4.075150566,1
34,Female,Pune,Mobile,,1,Beauty,4,1884.419838,36.44482006,1
25,Male,Mumbai,Mobile,9.165735814,,Groceries,4,1195.886746,32.82030017,1
52,Female,Bangalore,Mobile,15.47899855,17,,1,1681.557814,30.40139607,1
,Female,Delhi,Desktop,7.981787265,9,Clothing,5,1655.554996,1.950652753,1
50,Male,Delhi,Mobile,10.51547232,8,Beauty,2,555.175354,33.74915171,1
,Male,Pune,Desktop,8.245488076,8,Clothing,1,2507.637555,,1
59,Female,Bangalore,Mobile,38.5166552,8,Beauty,4,2145.32223,13.69580493,
,Female,Hyderabad,Mobile,10.75722945,12,Electronics,3,1301.402342,21.85905444,1
58,Male,Delhi,Desktop,7.129176367,5,Groceries,3,948.8651298,3.654129709,1
45,Male,Pune,Desktop,8.802176942,7,Electronics,6,1673.780807,30.26586197,1
24,Male,Hyderabad,Desktop,8.965093419,8,Beauty,4,1543.34885,23.29740308,1
26,Male,Bangalore,Desktop,5.995728639,8,Beauty,9,1677.834474,7.463603875,1
25,Male,Delhi,Desktop,10.97612705,11,Beauty,3,1595.788698,7.529287991,1
29,Female,Hyderabad,Desktop,7.47512073,8,Clothing,2,1753.120495,7.369946063,1
51,Female,Hyderabad,Desktop,5.732764522,5,Groceries,3,2223.65285,2.280095502,1
50,Female,Hyderabad,Desktop,9.609529531,11,Groceries,2,1784.051603,23.51193797,1
40,,Delhi,Desktop,5.304596055,,Beauty,5,975.1722505,33.6139271,1
41,Male,Delhi,Desktop,8.084543472,7,Beauty,4,2181.281426,0.699928559,1
54,Male,Mumbai,Desktop,7.97264301,9,Clothing,3,2320.307282,1.960185799,1
52,Male,Bangalore,Mobile,11.2576867,9,Electronics,5,3076.028367,22.91081107,
57,Female,Pune,Desktop,9.424094699,7,Electronics,3,938.2529834,32.77982742,1
39,Female,Hyderabad,Desktop,7.924919124,7,Groceries,1,1621.441007,13.06955562,1
44,Male,Mumbai,Mobile,10.4532989,8,Clothing,3,458.9506484,13.98457595,1
52,Male,Pune,,12.17062265,10,Beauty,7,1776.574578,23.8538599,1
18,Female,Mumbai,Mobile,9.673430919,10,Groceries,3,1225.899851,10.96851556,1
52,Female,Delhi,Mobile,8.03105786,10,Clothing,2,2461.722897,1.064334643,1
54,Male,Hyderabad,Desktop,4.064491303,4,Electronics,5,1112.692515,29.40914072,1
31,,Pune,Mobile,4.804659011,5,Clothing,2,655.408481,25.02599652,
20,Female,Pune,Desktop,7.084325887,7,Electronics,4,1264.36813,23.23023996,1
,Male,Pune,Desktop,6.171463394,8,Clothing,,512.2561144,29.66736516,
22,Male,Pune,Mobile,7.439086091,8,Groceries,3,1875.549727,27.0092335,1
43,,Pune,Mobile,8.169949775,,Electronics,8,467.4584769,8.235279527,1
31,Female,Mumbai,Mobile,47.94539132,11,Groceries,3,1514.228791,14.09924188,1
56,Female,Hyderabad,Desktop,7.788503666,6,Groceries,5,461.0940901,5.044405667,1
44,Female,Delhi,Tablet,9.459504931,9,Electronics,6,1339.851098,5.194280537,
26,Female,Delhi,Desktop,8.193423244,9,Electronics,5,2321.689078,27.04782985,1
32,Female,Delhi,Mobile,2.073600301,2,Beauty,4,1680.323946,34.34400428,1
32,Female,Delhi,Desktop,5.181993819,5,,3,1068.253198,38.50930335,1
43,Female,Mumbai,Mobile,7.567737333,9,Beauty,4,1484.398256,25.1338847,1
59,Male,Bangalore,Desktop,4.370915771,6,Groceries,0,1509.008436,7.364052934,1
30,Male,Hyderabad,Mobile,9.79978619,8,Groceries,8,1736.315173,4.226013818,1
49,Male,Pune,Desktop,12.5922525,12,Beauty,2,816.5708184,32.51403886,1
56,Male,Bangalore,Mobile,11.65628556,12,Groceries,4,1796.283637,23.15025905,1
49,Male,Delhi,Tablet,7.359671387,8,Groceries,0,200,24.73140084,1
21,Male,Bangalore,Mobile,12.47217841,13,Electronics,1,1185.057724,31.25848355,1
,Male,Hyderabad,Desktop,8.446002372,12,Electronics,7,1255.863079,28.13108911,1
54,Female,Pune,Tablet,6.988742087,9,Groceries,4,7266.653652,,1
40,Female,Pune,Mobile,6.159792009,7,Beauty,5,1511.315426,2.248556218,
56,Male,Hyderabad,Tablet,7.092590941,7,Clothing,1,797.2184731,29.90082547,1
32,Male,Hyderabad,Desktop,6.835469544,9,Beauty,5,1007.503437,,1
46,Female,Delhi,Mobile,8.511248667,12,Clothing,1,,11.4454017,1
53,Male,Pune,Mobile,8.481721943,11,Beauty,2,1460.466329,25.61789096,1
,Male,Bangalore,Desktop,,6,Electronics,1,1210.437945,12.56648255,1
49,Female,Mumbai,Mobile,9.310814509,11,Groceries,4,1259.583105,38.31884266,1
24,Male,Mumbai,Mobile,11.57193882,9,Groceries,3,1848.083999,1.336942897,1
39,Female,Hyderabad,Mobile,10.84866241,10,Electronics,1,1241.153714,23.19171375,1
45,Male,Delhi,Desktop,3.545306095,2,Clothing,3,1455.954378,6.660141882,1
19,Female,Mumbai,Mobile,1,1,Clothing,2,2584.968294,28.48880821,1
59,Female,Pune,Desktop,10.80295973,13,Clothing,,788.1586816,7.035611337,1
23,Female,Hyderabad,Tablet,3.899363905,3,Electronics,1,574.0786342,9.415330476,1
45,,Bangalore,Tablet,7.325703794,7,Clothing,3,1891.794832,19.77483244,1
45,Female,Hyderabad,Desktop,4.489660922,5,Electronics,2,1160.678469,36.593398,1
37,Male,Bangalore,,2.594058687,2,Beauty,3,1340.881236,8.468574886,1
47,Male,Hyderabad,Desktop,9.624388185,8,Beauty,3,1109.421811,5.769600845,1
28,Male,Hyderabad,Mobile,10.27746548,11,Electronics,5,1370.09993,30.35907327,
45,,Hyderabad,Mobile,6.270468798,8,Groceries,6,2299.269056,20.02478129,1
42,Female,Bangalore,Mobile,1,0,,3,1901.064229,36.4714045,1
56,Female,Bangalore,Mobile,6.361266655,5,Clothing,5,1931.111756,5.864582286,1
50,Male,Hyderabad,Desktop,9.175412016,9,Electronics,2,791.8864721,25.83711572,1
18,Male,Mumbai,Desktop,3.563265294,5,Clothing,2,924.4231317,9.315165846,1
44,Female,Delhi,Mobile,8.550079759,10,Clothing,4,200,6.270417146,1
30,Male,Delhi,Mobile,7.954070452,10,Groceries,3,1095.309589,27.33717661,1
58,Female,Delhi,Tablet,9.737874499,10,Clothing,2,1978.351593,23.7473848,
20,Male,Bangalore,Mobile,8.358741105,10,Groceries,1,1758.473258,30.19309833,1
56,Male,Bangalore,Mobile,5.080793177,4,Beauty,5,1389.243369,12.37850306,1
23,Female,Mumbai,Mobile,11.5897145,14,Electronics,,1488.849858,17.91886626,1
25,Male,Delhi,Desktop,7.524411281,10,Clothing,4,1155.557229,16.21886705,1
44,Female,Delhi,Desktop,7.918086381,9,Electronics,1,1602.379441,39.36357856,1
26,Male,Hyderabad,Mobile,5.200196123,7,Clothing,3,1882.93914,11.68995827,1
54,Male,Bangalore,Mobile,6.670153246,8,Electronics,4,692.0566063,11.79268953,1
50,,Delhi,Desktop,,4,Clothing,2,1649.823844,14.18192835,
59,Female,Mumbai,Desktop,7.48116182,10,Clothing,2,1966.217435,22.58376325,1
41,Male,Mumbai,Mobile,13.13512544,11,Clothing,2,1292.449856,10.09290977,1
32,Male,Delhi,Tablet,,4,Clothing,4,1850.350306,36.61159762,1
49,Male,Bangalore,Mobile,3.159315806,2,Clothing,5,2907.327222,10.62742259,
49,Male,Mumbai,Mobile,12.41351098,10,Clothing,2,1447.828604,35.83262926,1
41,Female,Hyderabad,Tablet,7.372028969,8,Clothing,2,1696.653525,,1
58,Female,Mumbai,,5.992781784,6,Clothing,,1130.971458,26.2625081,1
29,Male,Pune,Desktop,11.11971406,12,Clothing,0,,,1
56,Female,Pune,Mobile,6.183153381,7,Electronics,3,,6.749977536,1
19,Male,Bangalore,Mobile,13.47802914,,Groceries,0,1597.42117,38.7330784,1
20,,Delhi,Tablet,10.03377761,8,Clothing,,990.1523401,18.11533442,1
54,Male,Bangalore,,6.536265776,7,Groceries,2,1603.180886,37.82860434,1
34,Female,Bangalore,Desktop,14.47192464,15,Clothing,1,2231.097969,27.07280175,1
19,Female,Bangalore,Mobile,6.182855231,8,Clothing,4,1724.317882,12.06347479,1
19,Female,,Mobile,10.22628612,12,Electronics,5,1980.993595,7.532100997,
45,Female,Hyderabad,Mobile,8.897877741,12,Beauty,1,1381.494015,12.14940185,1
40,Female,Hyderabad,Desktop,11.90522387,15,Beauty,4,1874.95012,3.720696371,1
54,Female,Mumbai,Mobile,12.68453359,13,Electronics,0,1639.633919,5.754718654,1
49,Female,Pune,Desktop,8.096012447,10,Groceries,,1024.544635,4.186417614,1
50,Female,Bangalore,Mobile,5.739746389,5,Beauty,5,,16.91774175,1
18,Female,Mumbai,Tablet,9.379916429,9,Electronics,1,1004.151668,31.82313505,1
36,Male,Pune,Mobile,5.966853891,8,Electronics,5,1183.559863,5.655342169,1
19,Female,Delhi,Desktop,14.04016174,15,Beauty,1,1594.664154,5.212817327,1
43,Female,Hyderabad,Desktop,8.409605993,11,Groceries,4,1648.622137,25.73715798,1
49,Female,Pune,Desktop,6.904035346,9,Electronics,2,905.3837675,7.887319279,1
23,Female,Delhi,Desktop,8.554040918,11,Clothing,1,2026.992886,3.904401524,1
49,Female,Pune,Desktop,3.958621131,5,Groceries,3,1786.003139,,1
21,Female,Hyderabad,Desktop,5.085157884,5,Groceries,3,1147.635782,36.94925584,1
28,Female,Hyderabad,Mobile,11.60124172,11,Beauty,6,731.2076018,32.85885011,1
34,Female,Mumbai,Mobile,6.029317163,7,Beauty,0,1427.54771,,1
55,Female,Bangalore,Tablet,4.859267052,5,Clothing,3,1277.028143,26.23283069,1
41,,Pune,Desktop,9.609958258,11,Electronics,5,1556.570229,21.49102695,1
22,Female,Pune,Desktop,11.55711246,14,Beauty,,1318.441669,27.08497054,1
51,Male,,Mobile,10.15685993,13,Beauty,3,496.2715696,27.3068461,1
23,Male,Hyderabad,Mobile,10.98814306,11,Groceries,4,1305.826531,25.1493606,1
39,Female,Pune,Mobile,5.729614734,5,,2,1347.190444,10.64405474,1
28,Female,,Desktop,3.734568,4,Beauty,3,1816.830512,1.560256831,1
33,Male,,Mobile,12.50400096,11,Beauty,7,1150.900163,,1
50,Female,Mumbai,Mobile,,10,Beauty,1,2339.337337,35.63895539,1
26,Male,Bangalore,Mobile,7.247500951,,Groceries,3,544.1797247,22.77989034,1
23,Male,,Mobile,11.98458243,10,Clothing,3,2155.583749,33.29564167,1
33,Male,Hyderabad,Mobile,9.668690028,7,Clothing,1,1387.840515,39.66497372,1
46,Male,Mumbai,Mobile,9.367663316,11,Electronics,1,1929.792436,,1
20,Male,,Desktop,14.49500703,18,Beauty,2,1539.900742,27.67110557,1
37,Female,Delhi,Mobile,6.069445309,6,Groceries,2,2069.777768,26.97174295,1
53,Male,Bangalore,Mobile,10.78352038,9,Electronics,6,1306.319018,39.19821789,1
36,Female,Pune,Mobile,8.171039375,8,Electronics,1,,39.42402936,1
43,Female,Mumbai,Mobile,8.805776837,8,Clothing,3,2210.252144,27.46714447,1
20,Male,Delhi,,12.58540528,16,Groceries,3,1443.259677,9.744591679,1
36,Male,,Mobile,9.523507269,11,Groceries,4,1610.779237,31.94223353,1
37,Female,Mumbai,Desktop,9.614888237,10,Groceries,2,2117.375957,4.281165368,1
49,Male,Delhi,Mobile,11.21752201,10,Clothing,3,984.022379,31.22797217,1
24,Male,Mumbai,Desktop,6.905141811,10,Clothing,4,1797.745449,36.40784497,1
58,Female,Delhi,Desktop,,6,Clothing,2,1205.052622,15.31333579,1
50,Female,Pune,Desktop,4.865572418,6,Clothing,,1433.915322,25.2254118,1
57,Male,Delhi,Mobile,2.100930232,1,Clothing,2,1536.139483,17.20570928,1
56,Female,Delhi,Mobile,14.16862139,,Beauty,4,749.8890693,17.5106022,1
35,Male,Bangalore,Mobile,4.690374903,3,Beauty,1,1110.581479,12.41483556,1
57,Male,Delhi,Mobile,7.336239129,8,Groceries,3,,30.48518482,1
18,Male,Delhi,Tablet,35.8478005,10,Electronics,5,1943.095594,37.44706257,1
28,Female,Pune,Mobile,8.922220093,9,Groceries,2,1468.680211,37.63003437,1
45,Female,Bangalore,Mobile,10.44721164,8,Electronics,4,1621.561729,6.991251395,1
42,Female,Hyderabad,Desktop,10.58142047,8,Clothing,2,,34.98974599,1
40,Female,Pune,Desktop,6.250767684,6,Electronics,1,2178.291693,29.49725766,1
48,Female,Pune,Mobile,7.498634859,6,Groceries,3,1399.823711,,1
47,Male,Hyderabad,Mobile,8.847739851,7,,4,1615.921046,2.691384517,1
59,Male,Delhi,Mobile,,,Electronics,,2073.015072,10.71989068,1
52,Male,Mumbai,Mobile,12.82203673,14,Beauty,4,1111.314258,36.48832947,1
24,Male,Bangalore,Mobile,9.472924855,9,Clothing,6,2279.394592,25.327147,1
33,Female,Mumbai,Mobile,10.20463336,14,Clothing,4,734.7692951,28.84218644,1
43,Male,Hyderabad,Mobile,9.988643806,8,Groceries,1,2314.821066,10.28609404,1
19,Female,Pune,Mobile,11.52042157,16,Beauty,1,1313.662208,28.77552622,1
18,Male,Pune,Mobile,8.543064676,8,Electronics,7,1378.650626,1.124860251,1
29,Female,Bangalore,Mobile,4.109504156,5,Clothing,4,554.9949144,15.01285383,1
22,Female,Pune,Mobile,9.199063855,11,Beauty,3,1272.602641,25.07013394,1
54,Male,Pune,Desktop,6.045929319,8,Clothing,3,980.0967345,5.843862622,1
49,Male,Bangalore,Desktop,6.414149955,9,Beauty,3,1196.176827,32.92014298,1
,,Bangalore,Mobile,9.759092056,9,Beauty,3,,,1
58,Male,Hyderabad,Mobile,11.71484921,,Groceries,1,1978.895807,26.09124451,1
52,Female,Pune,Mobile,8.06381473,8,Clothing,1,1603.801676,16.2078857,1
36,Male,Pune,Desktop,8.926499038,9,Electronics,3,1653.838327,23.84174382,1
33,Male,,Desktop,13.10664483,13,Groceries,0,952.2403056,4.298022105,1
20,Female,Delhi,Mobile,8.722259538,10,Groceries,3,1059.622955,0.676511997,1
37,Male,Delhi,Tablet,15.80504934,14,Electronics,3,2399.362509,36.3825771,1
41,Male,,Mobile,9.696528937,11,Groceries,,1132.399483,10.78520035,1
50,Male,,Mobile,2.717711723,3,Beauty,2,2328.104126,32.78708011,1
41,Male,Pune,Desktop,10.26002486,13,Beauty,1,1378.469401,39.97401202,1
28,Male,Hyderabad,,9.143475155,12,Clothing,2,1501.143968,8.45725032,1
25,Female,Hyderabad,Desktop,11.86925826,13,Clothing,4,2035.18258,10.60682965,1
53,Male,Delhi,Desktop,10.01954405,10,Electronics,4,2135.946211,26.51439151,1
55,,Mumbai,Mobile,7.584632048,7,Clothing,1,1444.59372,38.61794538,1
57,Male,Pune,,4.327105291,4,Beauty,,5223.513893,36.63257393,1
37,Male,Delhi,Mobile,7.372930228,6,Electronics,3,1472.039776,20.1150208,1
52,Male,Mumbai,Desktop,5.448438637,5,Electronics,2,1668.978764,31.8044113,1
42,Female,Mumbai,Mobile,6.258429651,6,Clothing,2,1945.651843,5.429834124,1
52,Male,Bangalore,Desktop,9.765735213,14,Beauty,3,1502.114929,,1
42,Female,Pune,Mobile,13.00971351,15,Electronics,2,1809.443149,38.57412936,1
46,Female,Mumbai,Desktop,9.184014589,9,Beauty,3,2319.179866,6.549158315,1
35,Male,Delhi,Mobile,4.412350814,5,Beauty,2,1690.654806,11.97692499,1
35,Male,Bangalore,Desktop,9.333808005,8,Beauty,1,1655.826428,4.0061999,1
19,Male,Pune,Mobile,11.58989446,12,,0,740.5445875,10.86870396,1
52,Male,Hyderabad,,6.170651287,7,Groceries,3,200,32.63823158,1
33,,Delhi,Mobile,7.5979485,8,Groceries,4,1694.187865,15.13262429,1
58,Male,Mumbai,Mobile,8.044064584,8,Electronics,4,1452.587884,3.535878686,1
53,Male,Mumbai,Desktop,5.645305061,8,Beauty,3,1242.608663,13.68902099,1
50,Male,Delhi,Mobile,9.944841302,14,Clothing,3,1621.765102,39.25533337,1
21,Male,Mumbai,Tablet,7.637155554,9,Beauty,6,1469.798135,25.18734381,1
50,Male,Bangalore,Mobile,9.258597332,11,Beauty,4,2063.890125,16.64643786,1
31,Male,Pune,Mobile,5.337523467,,Clothing,4,1543.055434,6.66154054,1
38,Female,Bangalore,Desktop,6.687625099,6,Groceries,5,,39.44707189,1
37,Female,Mumbai,Desktop,10.16714407,10,Beauty,1,1995.083119,32.83396037,1
25,Male,Hyderabad,Mobile,6.881500544,5,Beauty,4,,11.2590921,1
24,Male,Pune,Mobile,13.18089155,14,Groceries,2,1763.268342,2.802747829,1
20,Male,Pune,Desktop,6.801091443,8,Clothing,4,,2.265022295,1
34,,Delhi,Mobile,8.674054177,8,Electronics,5,1175.086557,4.81512598,1
50,Male,,Tablet,10.7977725,15,Groceries,2,1542.084115,23.23074334,1
29,Female,Hyderabad,Tablet,3.744902801,5,Electronics,4,1506.414322,37.15053685,1
39,Male,Pune,Desktop,2.717573564,3,Electronics,1,1739.913518,19.86973712,1
39,Male,Hyderabad,Mobile,,4,Groceries,,1365.677123,33.7178193,1
47,Male,Delhi,Desktop,11.78775231,16,Beauty,4,581.8201081,17.83546479,1
55,Male,Delhi,Mobile,6.344425562,5,Electronics,1,1283.613058,28.34334183,1
55,Female,Pune,Mobile,15.67459786,21,Electronics,1,1896.909234,29.27490949,1
25,Female,Bangalore,Mobile,6.307257204,5,Clothing,0,1351.31196,6.958548236,1
44,Male,Mumbai,Mobile,8.55365391,11,Beauty,3,1376.808299,,1
44,Male,Delhi,Desktop,12.62632986,12,Electronics,3,1993.188253,,1
51,Female,Delhi,Desktop,14.01827866,19,Clothing,4,1144.013386,2.827864327,1
38,Female,Bangalore,Desktop,14.18451073,,,2,728.5983909,14.46160751,1
47,Female,Bangalore,Mobile,11.62509869,10,Groceries,3,1419.68444,21.39197865,
50,Female,,Mobile,11.07218758,,Groceries,,1257.913024,39.84897972,1
45,Male,Hyderabad,Mobile,,14,Clothing,2,1016.87684,18.9813425,
50,Female,Mumbai,Tablet,10.33508323,11,Groceries,2,1412.310772,32.64227028,1
22,Male,Mumbai,Mobile,6.346442851,8,Electronics,2,1745.752824,17.2826914,1
36,Female,Pune,Desktop,,6,Beauty,4,1495.355719,31.8556289,1
21,Female,Hyderabad,Mobile,,8,Electronics,1,1653.490536,23.81659206,1
52,Female,Delhi,Mobile,,7,Electronics,4,2406.703849,35.46381766,1
34,Female,Hyderabad,Desktop,6.640315852,,Groceries,3,1328.560569,16.43770209,1
45,Female,Delhi,Mobile,10.08916234,13,Electronics,3,1639.174317,24.17217679,1
47,Male,Bangalore,Desktop,10.86591563,11,Groceries,5,1245.393319,25.20074722,1
,Male,Hyderabad,Tablet,8.265220659,9,Beauty,3,1076.82014,16.69531767,
,Female,Bangalore,Mobile,12.43259024,14,Beauty,1,,,1
52,Female,Mumbai,Mobile,4.574932658,5,Electronics,1,1260.620714,3.742376276,1
58,Male,Mumbai,Mobile,7.419021622,10,Clothing,3,6718.951595,0.666862024,1
54,Female,Pune,Tablet,5.849533038,8,Groceries,5,2674.537893,34.94137057,1
41,Female,Hyderabad,,2.400390149,2,Groceries,4,1141.978282,9.45899649,1
46,Male,Bangalore,Desktop,7.751957942,10,Electronics,2,1291.687347,8.460269971,1
48,Female,Delhi,Desktop,7.634757475,10,Groceries,7,1468.438493,29.44141602,1
52,Female,Mumbai,Desktop,12.54034923,15,Groceries,0,1697.899424,12.80064452,1
50,,Mumbai,Mobile,9.892435054,14,Clothing,4,,20.2417877,1
,Male,Delhi,Desktop,4.927439527,4,,2,2142.047897,6.500442612,
49,Male,Bangalore,Tablet,13.5622777,11,Electronics,3,286.8039647,38.38982886,1
40,Female,Bangalore,Mobile,11.66310109,16,Clothing,1,306.5350649,34.063256,1
50,Male,Hyderabad,Mobile,9.74629311,10,Electronics,3,1252.060914,34.55158492,1
20,Male,Hyderabad,Tablet,7.320547703,10,Beauty,1,2048.650094,16.27094994,1
35,Male,Pune,Mobile,5.12168229,7,,3,717.1759842,30.49444855,1
42,Male,Mumbai,Desktop,6.883379672,5,Beauty,6,200,5.755046216,1
59,Male,Hyderabad,Mobile,11.26624586,,Electronics,3,1785.589703,0.344760104,
48,Male,Bangalore,Mobile,13.65375892,15,Groceries,2,1621.828612,0.798917303,1
20,Female,Delhi,Desktop,12.62973058,14,Clothing,1,954.8957966,23.4640695,1
57,Female,Bangalore,Mobile,6.533451735,8,Beauty,4,1007.2302,18.21579621,1
41,Male,Mumbai,Mobile,4.6411477,6,Electronics,4,1015.12814,20.72061396,1
49,Male,Bangalore,Mobile,8.422658741,6,Clothing,3,1555.267659,0.298525617,1
39,Male,Pune,Mobile,2.694681903,3,Electronics,1,1186.842362,16.90746479,1
40,Female,Mumbai,Mobile,8.969503143,11,Clothing,4,1747.031959,28.72272645,1
19,Female,Delhi,Mobile,7.557192241,9,Clothing,2,200,17.70774808,1
44,Female,Pune,Tablet,6.601890494,8,Electronics,4,1071.574067,29.28876825,1
59,Female,Mumbai,Mobile,3.215890798,2,Beauty,1,,9.320758576,1
19,Female,Delhi,Desktop,9.54080032,9,Beauty,5,1371.829661,32.52568018,1
43,Female,Pune,Mobile,6.401897481,6,Groceries,3,1230.976121,23.53724962,1
34,Female,Pune,Desktop,4.490249493,6,Clothing,1,1898.92189,8.430523977,1
57,Female,Mumbai,,1,0,Groceries,2,570.3316142,9.468819034,1
50,Female,Hyderabad,Tablet,7.917455285,,Groceries,1,1522.745738,25.12121858,1
,Male,Pune,Mobile,13.31675479,19,Electronics,,1779.168212,33.19758373,1
56,Male,Pune,Mobile,12.98377764,10,Electronics,1,2428.323718,16.62511128,1
46,Male,Delhi,Mobile,6.62871123,9,Electronics,3,1259.117014,10.33201717,1
59,Male,Bangalore,Mobile,6.193363819,,Clothing,2,1662.229302,34.68046428,1
43,Female,Mumbai,Mobile,9.406322768,12,Electronics,3,598.0686037,26.77073167,1
52,Female,Mumbai,Mobile,5.004843682,5,,2,304.0218978,17.92341949,1
42,Male,Hyderabad,Desktop,8.905375699,7,Clothing,5,1922.387188,19.51600781,1
41,,Hyderabad,Mobile,10.29824084,13,Clothing,4,1497.219853,8.170258717,1
30,Male,Mumbai,Mobile,11.68079967,16,Beauty,5,8357.02538,25.0721052,1
24,Female,Hyderabad,Desktop,7.699537771,10,Electronics,2,813.2985555,14.34970042,
53,Male,Delhi,Desktop,7.388978749,6,Electronics,3,1759.95107,39.82580707,1
37,Female,Mumbai,Mobile,5.36605224,7,Electronics,2,2434.40892,19.20734061,1
18,Female,Hyderabad,Mobile,5.519358938,7,Beauty,1,6839.411217,19.43542425,1
25,Male,Mumbai,Mobile,7.320563324,9,Electronics,3,1638.290753,22.6340715,1
33,Female,Bangalore,Desktop,9.10209652,12,Beauty,1,1504.27804,36.67024012,1
31,Male,Pune,Desktop,10.74075388,14,Groceries,7,714.5592714,32.03272399,1
29,Male,Mumbai,,5.590463148,6,Beauty,6,2177.786468,18.04520279,1
40,Male,Pune,Desktop,,10,Groceries,3,1194.57118,28.74797064,1
32,Male,Hyderabad,Desktop,7.186629197,8,Electronics,4,1752.241628,23.44941995,1
45,Female,Pune,Mobile,7.935898117,6,Groceries,1,718.4828467,19.69468195,
51,Female,Mumbai,Desktop,5.758364963,6,Beauty,1,910.2701677,7.692630911,1
19,Female,Bangalore,Mobile,1,1,Clothing,2,2217.5437,18.55745054,1
49,Male,Hyderabad,Mobile,10.65213619,9,Groceries,3,1326.348856,9.832743481,1
40,Female,Mumbai,Mobile,10.21053169,,Groceries,3,2226.637738,36.59368599,1
39,Male,Hyderabad,Mobile,,6,Electronics,1,1460.88467,13.41627254,1
,Female,,Mobile,8.200972152,11,Beauty,4,579.0511135,38.09056058,1
39,Female,Pune,Tablet,9.547817653,13,Groceries,1,1946.0338,21.3222116,1
39,Female,Delhi,Mobile,3.312362429,2,Groceries,3,1205.053841,25.26177515,1
,,Mumbai,Mobile,6.412841968,9,Groceries,3,1849.344407,21.71761778,1
23,Female,Bangalore,,10.38279404,12,Groceries,,1512.605434,5.175224679,1
32,Female,Hyderabad,Tablet,4.23713173,,Clothing,,728.440886,15.03284876,1
54,Male,Pune,Mobile,8.880673796,,,4,1582.147383,3.965844491,1
,Female,Hyderabad,Mobile,,4,Electronics,2,2598.111571,24.91816177,1
25,Male,Mumbai,Mobile,9.399289947,12,Electronics,0,1746.493229,17.87496781,1
22,Female,Hyderabad,Mobile,7.893075553,10,Clothing,4,1471.241123,31.11939886,1
56,Male,Pune,Tablet,3.154604552,2,Beauty,0,2037.671701,8.81881924,1
21,Male,Mumbai,Tablet,11.49421806,9,Groceries,2,1605.334233,6.582642337,1
23,Female,Hyderabad,Mobile,5.79622527,6,Clothing,5,1604.767115,16.25328924,1
49,,Bangalore,Tablet,5.569242689,5,Beauty,1,954.1874139,37.06341533,1
47,Male,Mumbai,Desktop,8.601707592,8,Groceries,5,1616.924013,28.4168726,1
52,Male,Mumbai,Desktop,11.44591205,11,Clothing,4,2017.721708,16.75694499,1
57,Male,Bangalore,Mobile,4.952534543,6,Beauty,4,1081.968924,20.69088679,1
33,Male,Delhi,Mobile,8.18503955,11,Electronics,3,2212.247911,3.368520447,1
30,,Pune,Mobile,9.286449501,10,Electronics,,1454.146988,39.38303586,1
59,Female,Delhi,Desktop,10.07931682,14,Beauty,2,1056.115244,26.65629219,1
47,Male,Hyderabad,Mobile,8.529324666,8,Electronics,4,1998.816038,11.41616274,1
36,Male,Bangalore,Mobile,6.898916483,7,Beauty,2,1356.602882,23.43233577,
34,Female,Delhi,Mobile,5.517229338,5,Groceries,5,1879.757444,4.379294643,1
36,,Mumbai,Desktop,8.258431649,10,Beauty,3,1354.120684,38.63346675,1
45,Female,Hyderabad,Mobile,4.783582964,7,Groceries,3,1470.086928,6.991399515,1
43,Female,Hyderabad,Desktop,1,1,Clothing,,1746.780102,25.92121272,1
54,Female,Delhi,,9.309679412,9,Beauty,1,1645.448529,9.818178502,1
43,Female,Delhi,Mobile,10.71180452,13,Clothing,3,502.2341098,28.70245531,1
40,Female,Bangalore,Desktop,1,0,Electronics,6,939.37813,,1
26,,Pune,Mobile,4.970807886,,Groceries,3,1964.704992,26.93678916,1
29,Male,Delhi,Desktop,9.857462783,11,Beauty,,1433.931706,24.57997841,1
18,Female,Delhi,Mobile,14.17248641,15,Clothing,3,1238.134349,35.69876376,1
18,Male,Mumbai,Desktop,8.062381123,9,Groceries,3,820.7129924,3.14506844,1
51,Male,Hyderabad,Desktop,29.07995588,7,Groceries,2,960.1318394,13.23659063,1
49,Male,Pune,Tablet,7.451310677,6,Electronics,3,489.10068,9.931499185,1
42,Female,Mumbai,Desktop,12.12462926,15,Electronics,0,1449.359641,39.52055848,1
57,Female,Bangalore,Mobile,6.062107463,5,Groceries,8,1200.78121,15.57559119,1
18,Male,Bangalore,Desktop,5.60242398,7,Groceries,1,1016.706055,29.30450797,1
33,Female,Delhi,Desktop,6.551769433,9,Beauty,1,1465.938287,,1
56,Male,Delhi,,5.140014175,7,Groceries,3,1681.985315,,1
22,Male,Bangalore,Mobile,8.368010948,9,Beauty,2,2546.598966,9.559907208,1
39,Male,Delhi,Tablet,12.87403538,14,Groceries,2,,11.25138254,1
46,Male,Pune,Desktop,8.969237819,8,Electronics,3,2079.690522,,1
20,Female,Delhi,,7.242939494,9,Beauty,4,1986.550781,9.373002626,1
29,Female,Hyderabad,Mobile,7.124566193,7,Clothing,3,1110.45363,0.78605931,1
43,Female,Delhi,Desktop,3.310427574,3,Electronics,7,,35.17572227,1
33,Male,Mumbai,Mobile,10.64932933,10,,3,1271.183375,38.62439326,1
54,Female,Pune,Desktop,7.766488409,6,Beauty,3,1592.84429,13.66281548,1
39,Male,Mumbai,Mobile,7.458560259,9,Clothing,3,2254.565507,13.54027518,1
46,Female,Mumbai,Desktop,,14,Beauty,5,1802.803116,0.283672511,1
31,Male,Hyderabad,,8.896258725,11,Groceries,5,1754.304187,27.21002753,1
45,Male,Pune,,5.74462685,5,Clothing,4,1284.84534,33.01759583,1
22,Male,Pune,Tablet,6.720927211,5,Electronics,4,757.9716675,5.864332014,1
47,Female,Pune,Mobile,11.44533713,13,Electronics,2,1395.765895,6.386653975,1
22,Female,Pune,Desktop,8.339811232,6,Groceries,6,2103.304077,31.60333,1
29,Female,Pune,,3.685166065,3,Electronics,3,736.4160717,24.65162993,1
33,Female,Hyderabad,Mobile,10.7576868,13,Beauty,2,972.4553159,1.794422305,1
43,Male,Delhi,Desktop,5.995567743,5,Beauty,6,1563.133868,24.90187962,1
43,Female,Mumbai,Desktop,,18,Groceries,4,1007.672608,12.35670891,1
38,Female,Pune,Mobile,11.2401442,9,Electronics,3,1103.738276,14.74900622,1
56,Male,Delhi,Mobile,6.658034313,6,Electronics,3,1288.200709,30.78925673,1
53,,Delhi,Desktop,11.84304909,15,Groceries,6,817.1912979,32.43740771,1
50,Male,Mumbai,Desktop,8.203566532,,Clothing,4,1012.939077,16.01426507,1
47,Female,Hyderabad,Desktop,10.55832103,9,Electronics,2,1851.713958,37.88611744,1
54,Male,Bangalore,Desktop,9.454198452,,Clothing,1,846.3151089,16.25850872,1
40,Male,Bangalore,Mobile,5.460930035,5,Electronics,3,701.0639328,30.87344141,1
27,Male,,Desktop,,8,,4,1184.98751,19.35509058,1
22,Female,Mumbai,Mobile,11.08988245,11,Electronics,5,1865.977751,35.90129306,1
53,Male,Bangalore,Mobile,6.995674004,9,Electronics,6,1401.539096,36.31044975,
51,Female,Delhi,Mobile,6.78905461,9,Beauty,2,1267.709461,3.496672315,1
48,Female,Hyderabad,Mobile,5.134632262,5,Clothing,4,1522.179399,37.45973325,1
27,Male,Bangalore,Mobile,9.270797197,13,Clothing,4,627.1462836,33.02139366,1
36,Male,Delhi,Mobile,14.18757476,,Electronics,0,1747.352827,31.65242857,1
49,Female,Delhi,Desktop,4.797401257,7,Electronics,4,1691.717516,8.036453587,1
18,Male,Pune,Mobile,8.07265837,6,Clothing,5,1295.345763,32.20476835,1
22,Male,,Mobile,12.23666167,15,Beauty,2,2002.962256,34.00530939,1
21,Female,Pune,Mobile,7.761075826,8,Groceries,5,936.2519505,11.56601338,1
33,Female,,Mobile,9.357115389,10,Groceries,4,2063.954497,38.09040313,1
41,Male,Pune,Mobile,4.812819416,5,Clothing,,1577.246833,1.994405856,1
,Female,Pune,Mobile,9.284921292,12,Electronics,2,1331.723705,5.99637013,1
19,Male,Bangalore,Desktop,7.438567205,5,Electronics,2,1490.063182,21.50324552,1
45,Male,Delhi,Desktop,10.95718999,10,Beauty,0,1446.367617,23.03169884,1
49,Male,Hyderabad,Desktop,11.56215815,15,Groceries,4,,25.80600333,1
44,Female,Pune,Mobile,15.76869093,19,Beauty,1,961.6604363,0.678765173,1
37,Male,Hyderabad,Mobile,9.73889952,14,Groceries,2,1118.74038,38.41467098,1
41,Male,Pune,Desktop,8.97738895,11,Clothing,3,2018.151446,1.783523709,1
29,Male,Mumbai,Mobile,8.583152905,12,Groceries,2,1202.232532,5.722478109,1
52,Female,Pune,Mobile,6.940501122,8,,2,1950.266539,0.560580701,1
50,Female,Bangalore,Mobile,9.01545153,9,Beauty,1,2349.717992,22.67433733,1
50,Female,Delhi,Mobile,7.11379577,6,Beauty,3,1299.102487,37.29067536,1
54,Female,Mumbai,Mobile,8.505382929,11,Clothing,4,1840.681163,26.63788664,1
29,Female,Pune,Mobile,11.95279261,,Groceries,6,923.1538593,32.90629874,1
20,Male,Hyderabad,Mobile,4.980372304,4,Groceries,3,1877.366649,0.531248138,1
18,Female,Mumbai,Mobile,11.41963568,12,Beauty,2,1599.711993,21.68061194,1
50,Female,Mumbai,Desktop,11.9513452,17,Groceries,3,1736.519141,18.3825191,1
57,Female,Pune,Desktop,7.645794419,8,Electronics,1,1177.213964,19.95871777,1
27,Male,Mumbai,Desktop,1.634435303,1,,2,669.4582922,2.888527413,1
46,Female,,Desktop,6.176534039,6,,1,1751.626032,27.37741444,1
30,Female,Mumbai,Tablet,11.89098364,11,Groceries,3,,20.12881659,1
,Male,Hyderabad,Mobile,7.931395813,8,Clothing,4,1341.324754,30.60595399,1
48,Female,Pune,Mobile,,5,Clothing,2,1970.590933,19.41162536,1
19,Male,,Mobile,6.485675236,5,Clothing,2,1595.948868,5.975265449,1
52,Male,Mumbai,Desktop,10.52186008,14,Clothing,3,2474.171322,25.93027816,1
40,Male,Delhi,Desktop,9.640200705,10,Electronics,2,2012.554576,6.895454484,1
34,Male,Hyderabad,,7.283203702,10,Electronics,2,1173.050806,34.89578253,1
43,,Mumbai,Tablet,6.899526765,9,Beauty,3,1513.65669,24.52464956,1
25,Female,Bangalore,Mobile,6.824725553,6,Groceries,1,1476.314649,6.288155342,1
46,Male,Delhi,Tablet,5.232769447,6,Groceries,6,708.9116183,38.4935223,1
43,Male,Mumbai,Mobile,12.84612707,14,Clothing,2,1029.800542,20.73461853,1
27,Female,Delhi,Mobile,7.033038592,9,Electronics,2,1219.619547,2.915938075,1
43,Male,Mumbai,Mobile,11.65147556,11,Clothing,2,481.8897486,25.07331618,
51,,Pune,Mobile,12.56394816,16,Beauty,4,1523.746734,10.12795628,1
58,Female,Delhi,Mobile,10.99493269,,Groceries,1,1375.464078,32.14773808,1
24,Female,Bangalore,,6.705139062,6,Groceries,2,663.5530493,32.71288294,1
21,Male,Bangalore,Desktop,9.211190271,8,Clothing,4,1702.106433,39.15789423,1
28,Male,Hyderabad,Mobile,7.927413181,9,Beauty,3,1857.936372,20.07478124,1
46,Male,,Mobile,5.288894418,6,Groceries,3,1613.517239,18.19827519,1
53,Female,Delhi,Desktop,8.973077845,9,Beauty,3,1337.965912,30.13902422,1
42,Male,Hyderabad,Desktop,4.462880627,5,Beauty,6,1795.721076,5.298826254,
38,Male,Delhi,Mobile,11.56303817,12,Clothing,3,1840.11018,21.87662055,1
,Male,Mumbai,Mobile,6.606148108,8,Electronics,3,1653.701785,21.84990401,1
27,Female,Bangalore,Mobile,8.603478968,8,Clothing,1,1087.693875,3.578924912,1
54,Female,Pune,Mobile,8.849863615,12,Electronics,2,1638.300383,16.71936342,1
26,Male,Bangalore,Desktop,7.223285079,7,,4,2097.740325,34.13139194,1
,Male,Hyderabad,Mobile,9.760081404,10,Electronics,3,1201.685471,34.24614488,1
52,Male,Pune,Mobile,6.57528903,5,Beauty,3,2548.96967,3.969506597,1
,Male,Hyderabad,Desktop,10.61389189,9,Groceries,2,1237.184533,3.62883531,1
53,Female,Mumbai,Mobile,3.962060959,4,Groceries,3,1516.203507,10.50781908,1
,Female,Pune,Mobile,8.379138739,8,Groceries,1,1163.757202,34.9906425,1
,Female,Hyderabad,Mobile,13.816787,19,Clothing,2,,5.156103403,1
49,Female,Mumbai,Tablet,4.999006026,4,Clothing,2,628.8891537,28.79987211,1
41,Male,Bangalore,Mobile,5.966765088,6,Beauty,3,1226.979101,4.046624785,1
40,Male,Mumbai,Desktop,9.541723549,9,Groceries,5,953.9393998,24.92551415,1
49,,Delhi,Mobile,8.538745346,6,Clothing,3,1567.669174,14.24269196,1
